Workbook

Sheet Raw Data
A1: Date | B1: Region | C1: Category | D1: Product | E1: Units | F1: Unit Price | G1: Revenue
A2: 2024-01-01 | B2: North | C2: Home & Kitchen | D2: LED Table Lamp | E2: 7 | F2: 632.49 | G2: =E2*F2 -> 4427.43
A3: 2024-01-01 | B3: North | C3: Clothing | D3: Winter Jacket | E3: 5 | F3: 2383.06 | G3: =E3*F3 -> 11915.3
A4: 2024-01-01 | B4: South | C4: Clothing | D4: Denim Jeans | E4: 1 | F4: 1518.99 | G4: =E4*F4 -> 1518.99
A5: 2024-01-02 | B5: West | C5: Home & Kitchen | D5: Vacuum Cleaner | E5: 2 | F5: 6333.87 | G5: =E5*F5 -> 12667.74
A6: 2024-01-03 | B6: East | C6: Clothing | D6: Women's Kurti | E6: 5 | F6: 687.26 | G6: =E6*F6 -> 3436.3
A7: 2024-01-03 | B7: West | C7: Electronics | D7: USB-C Charger 65W | E7: 8 | F7: 1347.06 | G7: =E7*F7 -> 10776.48
A8: 2024-01-04 | B8: East | C8: Home & Kitchen | D8: Vacuum Cleaner | E8: 4 | F8: 4274.51 | G8: =E8*F8 -> 17098.04
A9: 2024-01-05 | B9: East | C9: Sports | D9: Cricket Bat | E9: 3 | F9: 996.02 | G9: =E9*F9 -> 2988.06
A10: 2024-01-05 | B10: North | C10: Electronics | D10: Power Bank 20000mAh | E10: 6 | F10: 1554.76 | G10: =E10*F10 -> 9328.56
A11: 2024-01-05 | B11: East | C11: Home & Kitchen | D11: Vacuum Cleaner | E11: 5 | F11: 4224.42 | G11: =E11*F11 -> 21122.1
A12: 2024-01-05 | B12: South | C12: Electronics | D12: Smartwatch | E12: 2 | F12: 3801.74 | G12: =E12*F12 -> 7603.48
A13: 2024-01-05 | B13: South | C13: Clothing | D13: Winter Jacket | E13: 6 | F13: 2835.07 | G13: =E13*F13 -> 17010.42
... A901: 2024-12-31 | B901: West | C901: Sports | D901: Yoga Mat | E901: 6 | F901: 733.92 | G901: =E901*F901 -> 4403.52

Sheet Product Summary
A1: Product | B1: Category | C1: Product | D1: Product | E1: Product
A2: Air Purifier | B2: Home & Kitchen | C2: =SUMIF('Raw Data'!$D$2:$D$901,A2,'Raw Data'!$E$2:$E$901) -> 197 | D2: =SUMIF('Raw Data'!$D$2:$D$901,A2,'Raw Data'!$G$2:$G$901) -> 1300034.7 | E2: =RANK(D2,$D$2:$D$21)+COUNTIF($D$2:D2,D2)-1 -> 1
A3: Bluetooth Speaker | B3: Electronics | C3: =SUMIF('Raw Data'!$D$2:$D$901,A3,'Raw Data'!$E$2:$E$901) -> 211 | D3: =SUMIF('Raw Data'!$D$2:$D$901,A3,'Raw Data'!$G$2:$G$901) -> 441558.1 | E3: =RANK(D3,$D$2:$D$21)+COUNTIF($D$2:D3,D3)-1 -> 8
A4: Cricket Bat | B4: Sports | C4: =SUMIF('Raw Data'!$D$2:$D$901,A4,'Raw Data'!$E$2:$E$901) -> 249 | D4: =SUMIF('Raw Data'!$D$2:$D$901,A4,'Raw Data'!$G$2:$G$901) -> 394528.81 | E4: =RANK(D4,$D$2:$D$21)+COUNTIF($D$2:D4,D4)-1 -> 11
A5: Cycling Helmet | B5: Sports | C5: =SUMIF('Raw Data'!$D$2:$D$901,A5,'Raw Data'!$E$2:$E$901) -> 221 | D5: =SUMIF('Raw Data'!$D$2:$D$901,A5,'Raw Data'!$G$2:$G$901) -> 266738.61 | E5: =RANK(D5,$D$2:$D$21)+COUNTIF($D$2:D5,D5)-1 -> 13
A6: Denim Jeans | B6: Clothing | C6: =SUMIF('Raw Data'!$D$2:$D$901,A6,'Raw Data'!$E$2:$E$901) -> 300 | D6: =SUMIF('Raw Data'!$D$2:$D$901,A6,'Raw Data'!$G$2:$G$901) -> 397169.39 | E6: =RANK(D6,$D$2:$D$21)+COUNTIF($D$2:D6,D6)-1 -> 10
A7: Dumbbell Set 10kg | B7: Sports | C7: =SUMIF('Raw Data'!$D$2:$D$901,A7,'Raw Data'!$E$2:$E$901) -> 240 | D7: =SUMIF('Raw Data'!$D$2:$D$901,A7,'Raw Data'!$G$2:$G$901) -> 489491.08 | E7: =RANK(D7,$D$2:$D$21)+COUNTIF($D$2:D7,D7)-1 -> 6
A8: Electric Kettle | B8: Home & Kitchen | C8: =SUMIF('Raw Data'!$D$2:$D$901,A8,'Raw Data'!$E$2:$E$901) -> 203 | D8: =SUMIF('Raw Data'!$D$2:$D$901,A8,'Raw Data'!$G$2:$G$901) -> 208718.91 | E8: =RANK(D8,$D$2:$D$21)+COUNTIF($D$2:D8,D8)-1 -> 15
A9: Football | B9: Sports | C9: =SUMIF('Raw Data'!$D$2:$D$901,A9,'Raw Data'!$E$2:$E$901) -> 272 | D9: =SUMIF('Raw Data'!$D$2:$D$901,A9,'Raw Data'!$G$2:$G$901) -> 228954.31 | E9: =RANK(D9,$D$2:$D$21)+COUNTIF($D$2:D9,D9)-1 -> 14
A10: LED Table Lamp | B10: Home & Kitchen | C10: =SUMIF('Raw Data'!$D$2:$D$901,A10,'Raw Data'!$E$2:$E$901) -> 201 | D10: =SUMIF('Raw Data'!$D$2:$D$901,A10,'Raw Data'!$G$2:$G$901) -> 133002.72 | E10: =RANK(D10,$D$2:$D$21)+COUNTIF($D$2:D10,D10)-1 -> 18
A11: Men's Cotton T-Shirt | B11: Clothing | C11: =SUMIF('Raw Data'!$D$2:$D$901,A11,'Raw Data'!$E$2:$E$901) -> 302 | D11: =SUMIF('Raw Data'!$D$2:$D$901,A11,'Raw Data'!$G$2:$G$901) -> 151368.28 | E11: =RANK(D11,$D$2:$D$21)+COUNTIF($D$2:D11,D11)-1 -> 17
A12: Non-Stick Cookware Set | B12: Home & Kitchen | C12: =SUMIF('Raw Data'!$D$2:$D$901,A12,'Raw Data'!$E$2:$E$901) -> 241 | D12: =SUMIF('Raw Data'!$D$2:$D$901,A12,'Raw Data'!$G$2:$G$901) -> 452245.92 | E12: =RANK(D12,$D$2:$D$21)+COUNTIF($D$2:D12,D12)-1 -> 7
A13: Power Bank 20000mAh | B13: Electronics | C13: =SUMIF('Raw Data'!$D$2:$D$901,A13,'Raw Data'!$E$2:$E$901) -> 227 | D13: =SUMIF('Raw Data'!$D$2:$D$901,A13,'Raw Data'!$G$2:$G$901) -> 306292.2 | E13: =RANK(D13,$D$2:$D$21)+COUNTIF($D$2:D13,D13)-1 -> 12
... A21: Yoga Mat | B21: Sports | C21: =SUMIF('Raw Data'!$D$2:$D$901,A21,'Raw Data'!$E$2:$E$901) -> 162 | D21: =SUMIF('Raw Data'!$D$2:$D$901,A21,'Raw Data'!$G$2:$G$901) -> 111061.16 | E21: =RANK(D21,$D$2:$D$21)+COUNTIF($D$2:D21,D21)-1 -> 20

Sheet Dashboard
A1: SALES PERFORMANCE DASHBOARD — FY2024
A4: Region Filter: | B4: All | D4: Category Filter: | E4: All | G4: (Choose 'All' or a specific value — every KPI, the monthly trend, and top products update automatically.)
A6: TOTAL REVENUE | D6: TOTAL UNITS SOLD | G6: NUMBER OF ORDERS | J6: AVG ORDER VALUE
A7: =SUMPRODUCT(('Raw Data'!$B$2:$B$901=IF($B$4="All",'Raw Data'!$B$2:$B$901,$B$4))*('Raw Data'!$C$2:$C$901=IF($E$4="All",'Raw Data'!$C$2:$C$901,$E$4))*'Raw Data'!$G$2:$G$901) -> 8829778.6 | D7: =SUMPRODUCT(('Raw Data'!$B$2:$B$901=IF($B$4="All",'Raw Data'!$B$2:$B$901,$B$4))*('Raw Data'!$C$2:$C$901=IF($E$4="All",'Raw Data'!$C$2:$C$901,$E$4))*'Raw Data'!$E$2:$E$901) -> 4458 | G7: =SUMPRODUCT(('Raw Data'!$B$2:$B$901=IF($B$4="All",'Raw Data'!$B$2:$B$901,$B$4))*('Raw Data'!$C$2:$C$901=IF($E$4="All",'Raw Data'!$C$2:$C$901,$E$4))*1) -> 900 | J7: =IF(G7=0,0,A7/G7) -> 9810.8651
A10: MONTHLY REVENUE TREND | D10: REVENUE BY REGION | G10: REVENUE BY CATEGORY | J10: TOP 10 PRODUCTS BY REVENUE
A11: Month | B11: Revenue | D11: Region | E11: Revenue | G11: Category | H11: Revenue | J11: Product | K11: Revenue
A12: Jan | B12: =SUMPRODUCT((MONTH('Raw Data'!$A$2:$A$901)=1)*('Raw Data'!$B$2:$B$901=IF($B$4="All",'Raw Data'!$B$2:$B$901,$B$4))*('Raw Data'!$C$2:$C$901=IF($E$4="All",'Raw Data'!$C$2:$C$901,$E$4))*'Raw Data'!$G$2:$G$901) -> 685466.39 | D12: North | E12: =SUMIF('Raw Data'!$B$2:$B$901,D12,'Raw Data'!$G$2:$G$901) -> 2918358.4 | G12: Electronics | H12: =SUMIF('Raw Data'!$C$2:$C$901,G12,'Raw Data'!$G$2:$G$901) -> 2365860.7 | J12: =INDEX('Product Summary'!$A$2:$A$21,MATCH(1,'Product Summary'!$E$2:$E$21,0)) -> Air Purifier | K12: =INDEX('Product Summary'!$D$2:$D$21,MATCH(1,'Product Summary'!$E$2:$E$21,0)) -> 1300034.7
A13: Feb | B13: =SUMPRODUCT((MONTH('Raw Data'!$A$2:$A$901)=2)*('Raw Data'!$B$2:$B$901=IF($B$4="All",'Raw Data'!$B$2:$B$901,$B$4))*('Raw Data'!$C$2:$C$901=IF($E$4="All",'Raw Data'!$C$2:$C$901,$E$4))*'Raw Data'!$G$2:$G$901) -> 729961.99 | D13: South | E13: =SUMIF('Raw Data'!$B$2:$B$901,D13,'Raw Data'!$G$2:$G$901) -> 1861110.1 | G13: Clothing | H13: =SUMIF('Raw Data'!$C$2:$C$901,G13,'Raw Data'!$G$2:$G$901) -> 1949389.8 | J13: =INDEX('Product Summary'!$A$2:$A$21,MATCH(2,'Product Summary'!$E$2:$E$21,0)) -> Smartwatch | K13: =INDEX('Product Summary'!$D$2:$D$21,MATCH(2,'Product Summary'!$E$2:$E$21,0)) -> 1008438.1
A14: Mar | B14: =SUMPRODUCT((MONTH('Raw Data'!$A$2:$A$901)=3)*('Raw Data'!$B$2:$B$901=IF($B$4="All",'Raw Data'!$B$2:$B$901,$B$4))*('Raw Data'!$C$2:$C$901=IF($E$4="All",'Raw Data'!$C$2:$C$901,$E$4))*'Raw Data'!$G$2:$G$901) -> 721199.53 | D14: East | E14: =SUMIF('Raw Data'!$B$2:$B$901,D14,'Raw Data'!$G$2:$G$901) -> 1436947.3 | G14: Home & Kitchen | H14: =SUMIF('Raw Data'!$C$2:$C$901,G14,'Raw Data'!$G$2:$G$901) -> 3023754.1 | J14: =INDEX('Product Summary'!$A$2:$A$21,MATCH(3,'Product Summary'!$E$2:$E$21,0)) -> Vacuum Cleaner | K14: =INDEX('Product Summary'!$D$2:$D$21,MATCH(3,'Product Summary'!$E$2:$E$21,0)) -> 929751.84
A15: Apr | B15: =SUMPRODUCT((MONTH('Raw Data'!$A$2:$A$901)=4)*('Raw Data'!$B$2:$B$901=IF($B$4="All",'Raw Data'!$B$2:$B$901,$B$4))*('Raw Data'!$C$2:$C$901=IF($E$4="All",'Raw Data'!$C$2:$C$901,$E$4))*'Raw Data'!$G$2:$G$901) -> 559892.9 | D15: West | E15: =SUMIF('Raw Data'!$B$2:$B$901,D15,'Raw Data'!$G$2:$G$901) -> 2613362.9 | G15: Sports | H15: =SUMIF('Raw Data'!$C$2:$C$901,G15,'Raw Data'!$G$2:$G$901) -> 1490774 | J15: =INDEX('Product Summary'!$A$2:$A$21,MATCH(4,'Product Summary'!$E$2:$E$21,0)) -> Winter Jacket | K15: =INDEX('Product Summary'!$D$2:$D$21,MATCH(4,'Product Summary'!$E$2:$E$21,0)) -> 696022.05
A16: May | B16: =SUMPRODUCT((MONTH('Raw Data'!$A$2:$A$901)=5)*('Raw Data'!$B$2:$B$901=IF($B$4="All",'Raw Data'!$B$2:$B$901,$B$4))*('Raw Data'!$C$2:$C$901=IF($E$4="All",'Raw Data'!$C$2:$C$901,$E$4))*'Raw Data'!$G$2:$G$901) -> 724877.03 | J16: =INDEX('Product Summary'!$A$2:$A$21,MATCH(5,'Product Summary'!$E$2:$E$21,0)) -> Running Shoes | K16: =INDEX('Product Summary'!$D$2:$D$21,MATCH(5,'Product Summary'!$E$2:$E$21,0)) -> 580434.98
A17: Jun | B17: =SUMPRODUCT((MONTH('Raw Data'!$A$2:$A$901)=6)*('Raw Data'!$B$2:$B$901=IF($B$4="All",'Raw Data'!$B$2:$B$901,$B$4))*('Raw Data'!$C$2:$C$901=IF($E$4="All",'Raw Data'!$C$2:$C$901,$E$4))*'Raw Data'!$G$2:$G$901) -> 663391.51 | J17: =INDEX('Product Summary'!$A$2:$A$21,MATCH(6,'Product Summary'!$E$2:$E$21,0)) -> Dumbbell Set 10kg | K17: =INDEX('Product Summary'!$D$2:$D$21,MATCH(6,'Product Summary'!$E$2:$E$21,0)) -> 489491.08
A18: Jul | B18: =SUMPRODUCT((MONTH('Raw Data'!$A$2:$A$901)=7)*('Raw Data'!$B$2:$B$901=IF($B$4="All",'Raw Data'!$B$2:$B$901,$B$4))*('Raw Data'!$C$2:$C$901=IF($E$4="All",'Raw Data'!$C$2:$C$901,$E$4))*'Raw Data'!$G$2:$G$901) -> 671726.87 | J18: =INDEX('Product Summary'!$A$2:$A$21,MATCH(7,'Product Summary'!$E$2:$E$21,0)) -> Non-Stick Cookware Set | K18: =INDEX('Product Summary'!$D$2:$D$21,MATCH(7,'Product Summary'!$E$2:$E$21,0)) -> 452245.92
A19: Aug | B19: =SUMPRODUCT((MONTH('Raw Data'!$A$2:$A$901)=8)*('Raw Data'!$B$2:$B$901=IF($B$4="All",'Raw Data'!$B$2:$B$901,$B$4))*('Raw Data'!$C$2:$C$901=IF($E$4="All",'Raw Data'!$C$2:$C$901,$E$4))*'Raw Data'!$G$2:$G$901) -> 703157.74 | J19: =INDEX('Product Summary'!$A$2:$A$21,MATCH(8,'Product Summary'!$E$2:$E$21,0)) -> Bluetooth Speaker | K19: =INDEX('Product Summary'!$D$2:$D$21,MATCH(8,'Product Summary'!$E$2:$E$21,0)) -> 441558.1
A20: Sep | B20: =SUMPRODUCT((MONTH('Raw Data'!$A$2:$A$901)=9)*('Raw Data'!$B$2:$B$901=IF($B$4="All",'Raw Data'!$B$2:$B$901,$B$4))*('Raw Data'!$C$2:$C$901=IF($E$4="All",'Raw Data'!$C$2:$C$901,$E$4))*'Raw Data'!$G$2:$G$901) -> 526255.77 | J20: =INDEX('Product Summary'!$A$2:$A$21,MATCH(9,'Product Summary'!$E$2:$E$21,0)) -> Wireless Earbuds | K20: =INDEX('Product Summary'!$D$2:$D$21,MATCH(9,'Product Summary'!$E$2:$E$21,0)) -> 409076.61
A21: Oct | B21: =SUMPRODUCT((MONTH('Raw Data'!$A$2:$A$901)=10)*('Raw Data'!$B$2:$B$901=IF($B$4="All",'Raw Data'!$B$2:$B$901,$B$4))*('Raw Data'!$C$2:$C$901=IF($E$4="All",'Raw Data'!$C$2:$C$901,$E$4))*'Raw Data'!$G$2:$G$901) -> 1050267.9 | J21: =INDEX('Product Summary'!$A$2:$A$21,MATCH(10,'Product Summary'!$E$2:$E$21,0)) -> Denim Jeans | K21: =INDEX('Product Summary'!$D$2:$D$21,MATCH(10,'Product Summary'!$E$2:$E$21,0)) -> 397169.39
A22: Nov | B22: =SUMPRODUCT((MONTH('Raw Data'!$A$2:$A$901)=11)*('Raw Data'!$B$2:$B$901=IF($B$4="All",'Raw Data'!$B$2:$B$901,$B$4))*('Raw Data'!$C$2:$C$901=IF($E$4="All",'Raw Data'!$C$2:$C$901,$E$4))*'Raw Data'!$G$2:$G$901) -> 834448.57
A23: Dec | B23: =SUMPRODUCT((MONTH('Raw Data'!$A$2:$A$901)=12)*('Raw Data'!$B$2:$B$901=IF($B$4="All",'Raw Data'!$B$2:$B$901,$B$4))*('Raw Data'!$C$2:$C$901=IF($E$4="All",'Raw Data'!$C$2:$C$901,$E$4))*'Raw Data'!$G$2:$G$901) -> 959132.37

Sheet README
A1: Sales Dashboard Analysis — Project Notes
A3: Dataset: 900 synthetic sales transactions for FY2024, generated for this project
A4: (no real company data used). Columns: Date, Region, Category, Product, Units, Unit Price.
A6: Sheets:
A7: Raw Data - transaction-level data; Revenue = Units x Unit Price (formula).
A8: Product Summary - helper sheet aggregating Units/Revenue per product, used to rank
A9: products for the Top 10 Products chart (RANK + INDEX/MATCH).
A10: Dashboard - KPIs, Region/Category filters (data-validation dropdowns), monthly
A11: trend, and four charts.
A13: How the filters work:
A14: Change the Region or Category dropdown on the Dashboard (cells B4 and E4) to 'All' or
A15: a specific value. Every KPI and the Monthly Revenue Trend recalculate instantly using
... A20: 'slicers', dashboard layout, and business insight extraction from sales data.
